Feature,Status
"✅ All 7 sections (Hero, Philosophy, Work, Systems, Thoughts, Community, Archive, Contact)",Complete
✅ Responsive layouts (Desktop / Tablet / Mobile),Tailwind breakpoints
✅ Smooth scroll navigation with active states,Working
✅ Scroll-triggered fade-in animations,Intersection Observer
✅ All 3 uploaded images integrated,`/public/images/`
"✅ YouTube embed (responsive, lazy-loaded)",Stains project
✅ Behance links (2 projects),Healthcare + SMIG
"✅ SEO meta tags, Open Graph",In layout.tsx
"✅ Accessibility (ARIA, keyboard nav, reduced motion)",Built-in
✅ Static export (`output: 'export'`),Deployment-ready
✅ Component architecture,"Reusable, typed"
✅ Custom hooks,"useScrollAnimation, useNavbarScroll"